{"cameraMode":{"drawMode":0,"name":"Shaded","section":"Shading Mode"},"sceneLighting":true,"audioPlay":false,"sceneViewState":{"showFog":true,"showMaterialUpdate":false,"showSkybox":true,"showFlares":true,"showImageEffects":true,"showParticleSystems":true},"in2DMode":false,"pivot":{"x":13.251304626464844,"y":-79.42507934570313,"z":125.60618591308594},"rotation":{"x":-0.236302450299263,"y":-0.04458850622177124,"z":0.010842450894415379,"w":-0.9706160426139832},"size":254.08790588378907,"orthographic":false}