{"cameraMode":{"drawMode":0,"name":"Shaded","section":"Shading Mode"},"sceneLighting":true,"audioPlay":false,"sceneViewState":{"showFog":true,"showMaterialUpdate":false,"showSkybox":true,"showFlares":true,"showImageEffects":true,"showParticleSystems":true},"in2DMode":false,"pivot":{"x":9.024496078491211,"y":11.08780288696289,"z":-27.239351272583009},"rotation":{"x":-0.10060670226812363,"y":0.025960052385926248,"z":-0.0026416003238409759,"w":-0.9946061968803406},"size":31.90973663330078,"orthographic":false}